{"cameraMode":{"drawMode":0,"name":"Shaded","section":"Shading Mode"},"sceneLighting":true,"audioPlay":false,"sceneViewState":{"showFog":true,"showMaterialUpdate":true,"showSkybox":false,"showFlares":true,"showImageEffects":true,"showParticleSystems":true},"in2DMode":false,"pivot":{"x":1.8052237033843995,"y":-63.21400451660156,"z":-2.1029510498046877},"rotation":{"x":-0.019808048382401468,"y":0.005096466280519962,"z":-0.00010085543181048706,"w":-0.9997915029525757},"size":80.96025085449219,"orthographic":false}